Workbook

Sheet Fase 1
A3: Proyecto 1 | F3: Inicio de Proyecto: | G3: 44634
A4: Marco Mei - Javi | F4: Semana: | G4: 1 | I4: =I5 -> 44634 | P4: =P5 -> 44641 | W4: =W5 -> 44648 | AD4: =AD5 -> 44655 | AK4: =AK5 -> 44662
I5: =$G$3-WEEKDAY(G3,3)+(G4-1)*7 -> 44634 | J5: =I5+1 -> 44635 | K5: =J5+1 -> 44636 | L5: =K5+1 -> 44637 | M5: =L5+1 -> 44638 | N5: =M5+1 -> 44639 | O5: =N5+1 -> 44640 | P5: =O5+1 -> 44641 | Q5: =P5+1 -> 44642 | ... AQ5: =AP5+1 -> 44668
A6: TAREAS | B6: RESPONSABLE | C6: PROGRESO | E6: INICIO | F6: DÍAS | G6: FIN | I6: =LEFT(TEXT(I5,"ddd"),1) -> l | J6: =LEFT(TEXT(J5,"ddd"),1) -> m | K6: =LEFT(TEXT(K5,"ddd"),1) -> m | L6: =LEFT(TEXT(L5,"ddd"),1) -> j | M6: =LEFT(TEXT(M5,"ddd"),1) -> v | N6: =LEFT(TEXT(N5,"ddd"),1) -> s | O6: =LEFT(TEXT(O5,"ddd"),1) -> d | P6: =LEFT(TEXT(P5,"ddd"),1) -> l | ... AQ6: =LEFT(TEXT(AQ5,"ddd"),1) -> d
A7: Fase 1 | C7: =AVERAGE(C8:C17) -> 0.4 | D7: =IFERROR(__xludf.DUMMYFUNCTION("IFERROR(SPARKLINE(C7,{""charttype"",""bar"";""color1"",""gray"";""max"",1}))"),"") | E7: =MIN(E8:E17) -> 44634 | G7: =MAX(G8:G17) -> 44659
A8: Estudio de Palabras clave | B8: Marco Mei | C8: 1 | D8: =IFERROR(__xludf.DUMMYFUNCTION("IFERROR(SPARKLINE(C8,{""charttype"",""bar"";""color1"",""gray"";""max"",1}))"),"") | E8: =G3 -> 44634 | F8: 4 | G8: =E8+F8 -> 44638
A9: Arquitectura | B9: Javi Martinez | C9: 1 | D9: =IFERROR(__xludf.DUMMYFUNCTION("IFERROR(SPARKLINE(C9,{""charttype"",""bar"";""color1"",""gray"";""max"",1}))"),"") | E9: =G3 -> 44634 | F9: 4 | G9: =E9+F9 -> 44638
A10: Auditoría Técnica | B10: Marco Mei | C10: 0 | D10: =IFERROR(__xludf.DUMMYFUNCTION("IFERROR(SPARKLINE(C10,{""charttype"",""bar"";""color1"",""gray"";""max"",1}))"),"") | E10: =G9+1 -> 44639 | F10: 2 | G10: =E10+F10 -> 44641
A11: Presentación | B11: Marco Mei | C11: 0 | D11: =IFERROR(__xludf.DUMMYFUNCTION("IFERROR(SPARKLINE(C11,{""charttype"",""bar"";""color1"",""gray"";""max"",1}))"),"") | E11: =G10+1 -> 44642 | F11: 10 | G11: =E11+F11 -> 44652
A12: Tarea 5 | B12: Cliente | C12: 0 | D12: =IFERROR(__xludf.DUMMYFUNCTION("IFERROR(SPARKLINE(C12,{""charttype"",""bar"";""color1"",""gray"";""max"",1}))"),"") | E12: =G11+1 -> 44653 | F12: 1 | G12: =E12+F12 -> 44654
A13: Tarea 6 | C13: =IFERROR(IF((TODAY()-E13)/(G13-E13)<0,0,(TODAY()-E13)/(G13-E13)),"") | E13: =G12+1 -> 44655 | F13: 0 | G13: =E13+F13 -> 44655
A14: Tarea 7 | C14: =IFERROR(IF((TODAY()-E14)/(G14-E14)<0,0,(TODAY()-E14)/(G14-E14)),"") | E14: =G13+1 -> 44656 | F14: 0 | G14: =E14+F14 -> 44656
A15: Tarea 8 | C15: =IFERROR(IF((TODAY()-E15)/(G15-E15)<0,0,(TODAY()-E15)/(G15-E15)),"") | E15: =G14+1 -> 44657 | F15: 0 | G15: =E15+F15 -> 44657
A16: Tarea 9 | C16: =IFERROR(IF((TODAY()-E16)/(G16-E16)<0,0,(TODAY()-E16)/(G16-E16)),"") | E16: =G15+1 -> 44658 | F16: 0 | G16: =E16+F16 -> 44658
A17: Tarea 10 | C17: =IFERROR(IF((TODAY()-E17)/(G17-E17)<0,0,(TODAY()-E17)/(G17-E17)),"") | E17: =G16+1 -> 44659 | F17: 0 | G17: =E17+F17 -> 44659
C18: =IFERROR(IF((TODAY()-E18)/(G18-E18)<0,0,(TODAY()-E18)/(G18-E18)),"")

Sheet Ongoing Mensual
A3: Nombre del Proyecto | F3: Inicio de Proyecto: | G3: 44634
A4: Project Manager | F4: Semana: | G4: 1 | I4: =I5 -> 44634 | P4: =P5 -> 44641 | W4: =W5 -> 44648 | AD4: =AD5 -> 44655 | AK4: =AK5 -> 44662
I5: =$G$3-WEEKDAY(G3,3)+(G4-1)*7 -> 44634 | J5: =I5+1 -> 44635 | K5: =J5+1 -> 44636 | L5: =K5+1 -> 44637 | M5: =L5+1 -> 44638 | N5: =M5+1 -> 44639 | O5: =N5+1 -> 44640 | P5: =O5+1 -> 44641 | Q5: =P5+1 -> 44642 | ... AQ5: =AP5+1 -> 44668
A6: TAREAS | B6: RESPONSABLE | C6: PROGRESO | E6: INICIO | F6: DÍAS | G6: FIN | I6: =LEFT(TEXT(I5,"ddd"),1) -> l | J6: =LEFT(TEXT(J5,"ddd"),1) -> m | K6: =LEFT(TEXT(K5,"ddd"),1) -> m | L6: =LEFT(TEXT(L5,"ddd"),1) -> j | M6: =LEFT(TEXT(M5,"ddd"),1) -> v | N6: =LEFT(TEXT(N5,"ddd"),1) -> s | O6: =LEFT(TEXT(O5,"ddd"),1) -> d | P6: =LEFT(TEXT(P5,"ddd"),1) -> l | ... AQ6: =LEFT(TEXT(AQ5,"ddd"),1) -> d
A7: Ongoing Mensual | C7: =AVERAGE(C8:C17) -> 32.133333 | D7: =IFERROR(__xludf.DUMMYFUNCTION("IFERROR(SPARKLINE(C7,{""charttype"",""bar"";""color1"",""gray"";""max"",1}))"),"") | E7: =MIN(E8:E17) -> 44634 | G7: =MAX(G8:G17) -> 44656
A8: ='Backlog Tareas - Seguimiento'!D7 -> 0 | B8: ='Backlog Tareas - Seguimiento'!H7 -> 0 | C8: =IFERROR(IF((TODAY()-E8)/(G8-E8)<0,0,(TODAY()-E8)/(G8-E8)),"") -> 20.4 | D8: =IFERROR(__xludf.DUMMYFUNCTION("IFERROR(SPARKLINE(C8,{""charttype"",""bar"";""color1"",""gray"";""max"",1}))"),"") | E8: =G3 -> 44634 | F8: 10 | G8: =E8+F8 -> 44644 | H8: ='Backlog Tareas - Seguimiento'!L7 -> 0
A9: ='Backlog Tareas - Seguimiento'!D8 -> 0 | B9: ='Backlog Tareas - Seguimiento'!H8 -> 0 | C9: =IFERROR(IF((TODAY()-E9)/(G9-E9)<0,0,(TODAY()-E9)/(G9-E9)),"") -> 38.6 | D9: =IFERROR(__xludf.DUMMYFUNCTION("IFERROR(SPARKLINE(C9,{""charttype"",""bar"";""color1"",""gray"";""max"",1}))"),"") | E9: =G8+1 -> 44645 | F9: 5 | G9: =E9+F9 -> 44650
A10: ='Backlog Tareas - Seguimiento'!D9 -> 0 | B10: ='Backlog Tareas - Seguimiento'!H9 -> 0 | C10: =IFERROR(IF((TODAY()-E10)/(G10-E10)<0,0,(TODAY()-E10)/(G10-E10)),"") -> 37.4 | D10: =IFERROR(__xludf.DUMMYFUNCTION("IFERROR(SPARKLINE(C10,{""charttype"",""bar"";""color1"",""gray"";""max"",1}))"),"") | E10: =G9+1 -> 44651 | F10: 5 | G10: =E10+F10 -> 44656
A11: ='Backlog Tareas - Seguimiento'!D10 -> 0 | B11: ='Backlog Tareas - Seguimiento'!H10 -> 0 | C11: =IFERROR(IF((TODAY()-E11)/(G11-E11)<0,0,(TODAY()-E11)/(G11-E11)),"")
A12: ='Backlog Tareas - Seguimiento'!D11 -> 0 | B12: ='Backlog Tareas - Seguimiento'!H11 -> 0
A13: ='Backlog Tareas - Seguimiento'!D12 -> 0 | B13: ='Backlog Tareas - Seguimiento'!H12 -> 0
A14: ='Backlog Tareas - Seguimiento'!D13 -> 0 | B14: ='Backlog Tareas - Seguimiento'!H13 -> 0
A15: ='Backlog Tareas - Seguimiento'!D14 -> 0 | B15: ='Backlog Tareas - Seguimiento'!H14 -> 0
A16: ='Backlog Tareas - Seguimiento'!D15 -> 0 | B16: ='Backlog Tareas - Seguimiento'!H15 -> 0
A17: ='Backlog Tareas - Seguimiento'!D16 -> 0 | B17: ='Backlog Tareas - Seguimiento'!H16 -> 0
A18: ='Backlog Tareas - Seguimiento'!D17 -> 0 | B18: ='Backlog Tareas - Seguimiento'!H17 -> 0
A19: ='Backlog Tareas - Seguimiento'!D18 -> 0 | B19: ='Backlog Tareas - Seguimiento'!H18 -> 0
A20: ='Backlog Tareas - Seguimiento'!D19 -> 0 | B20: ='Backlog Tareas - Seguimiento'!H19 -> 0
A21: ='Backlog Tareas - Seguimiento'!D20 -> 0 | B21: ='Backlog Tareas - Seguimiento'!H20 -> 0
A22: ='Backlog Tareas - Seguimiento'!D21 -> 0 | B22: ='Backlog Tareas - Seguimiento'!H21 -> 0
A23: ='Backlog Tareas - Seguimiento'!D22 -> 0 | B23: ='Backlog Tareas - Seguimiento'!H22 -> 0
... A52: ='Backlog Tareas - Seguimiento'!D51 -> 0 | B52: ='Backlog Tareas - Seguimiento'!H51 -> 0

Sheet Backlog Tareas - Seguimiento
A3: Nombre del Proyecto
A4: Project Manager
A6: # | B6: ÁREA | C6: Fase 1 | D6: TAREA | E6: RECURRENCIA | F6: ESTIMACIÓN | G6: IMPORTANCIA | H6: RESPONSABLE | I6: ENLACES ÚTILES | J6: KPI | K6: NOTAS | L6: ESTADO
A7: 1
A8: 2
A9: 3
A10: 4
A11: 5
A12: 6
A13: 7
A14: 8
A15: 9
A16: 10
A17: 11
A18: 12
... A56: 50
